"지역별(1)",2020,2020,2020,2020,2020,2020,2020,2020,2020,2020,2020,2020,2021,2021,2021,2021,2021,2021,2021,2021,2021,2021,2021,2021,2022,2022,2022,2022,2022,2022,2022,2022,2022,2022,2022,2022,2023,2023,2023,2023,2023,2023,2023,2023,2023,2023,2023,2023,2024,2024,2024,2024,2024,2024,2024,2024,2024,2024,2024,2024
"지역별(1)",총계,1종,1종,1종,1종,1종,1종,1종,2종,2종,2종,2종,총계,1종,1종,1종,1종,1종,1종,1종,2종,2종,2종,2종,총계,1종,1종,1종,1종,1종,1종,1종,2종,2종,2종,2종,총계,1종,1종,1종,1종,1종,1종,1종,2종,2종,2종,2종,총계,1종,1종,1종,1종,1종,1종,1종,2종,2종,2종,2종
"지역별(1)",소계,소계,대형,보통,소형,대형 견인,소형 견인,구난,소계,보통,소형,원자,소계,소계,대형,보통,소형,대형 견인,소형 견인,구난,소계,보통,소형,원자,소계,소계,대형,보통,소형,대형 견인,소형 견인,구난,소계,보통,소형,원자,소계,소계,대형,보통,소형,대형 견인,소형 견인,구난,소계,보통,소형,원자,소계,소계,대형,보통,소형,대형 견인,소형 견인,구난,소계,보통,소형,원자
"계",33190565,20761622,2454730,18301557,10,2707,1742,876,12428943,12128310,11401,289232,33729806,20896637,2504069,18386385,8,2787,2422,966,12833169,12548292,12396,272481,34133763,20963851,2540135,18416676,8,2869,3115,1048,13169912,12905250,13281,251381,34436680,20981403,2577370,18396119,7,2984,3827,1096,13455277,13210345,14032,230900,34707289,21073706,2615396,18449435,9,3057,4694,1115,13633583,13409225,15074,209284
"서울",6215889,3364593,261110,3102999,2,165,227,90,2851296,2812318,3554,35424,6248341,3332370,260650,3071105,1,165,350,99,2915971,2878214,3813,33944,6284511,3308155,259990,3047498,1,168,402,96,2976356,2940374,4044,31938,6315834,3280259,260032,3019470,1,166,497,93,3035575,3001151,4237,30187,6332419,3265660,260853,3003947,1,164,612,83,3066759,3033632,4486,28641
"부산",2005780,1249397,132862,1115745,3,692,53,42,756383,742257,937,13189,2021875,1247396,134592,1111963,3,724,70,44,774479,760760,1031,12688,2030708,1242347,135965,1105497,3,755,77,50,788361,775411,1105,11845,2033062,1234902,137075,1096883,2,809,88,45,798160,785798,1202,11160,2031713,1231613,137965,1092675,2,826,96,49,800100,788221,1262,10617
"대구",1574219,1061179,111009,950024,0,51,73,22,513040,502125,570,10345,1576846,1056096,112456,943471,0,54,92,23,520750,510347,606,9797,1580373,1052580,113419,938953,0,54,132,22,527793,518182,623,8988,1584434,1050251,114852,935128,-,53,194,24,534183,525224,651,8308,1602105,1061869,117750,943756,0,58,279,26,540236,531322,687,8227
"인천",1860442,1181989,152500,1029103,2,241,86,57,678453,669715,527,8211,1899077,1191837,155070,1036326,2,254,124,61,707240,698976,559,7705,1949189,1206656,157387,1048797,2,261,145,64,742533,734749,598,7186,1990978,1218824,160226,1058097,2,262,172,65,772154,764848,650,6656,2026026,1232533,162951,1069028,2,265,220,67,793493,786539,709,6245
"광주",935140,622181,81880,540182,0,45,46,28,312959,308117,191,4651,947538,625249,83695,541413,0,43,63,35,322289,317603,195,4491,953872,624716,84482,540062,0,45,93,34,329156,324692,221,4243,955928,621997,85177,536637,-,43,107,33,333931,329748,243,3940,958105,621539,86154,535197,0,36,115,37,336566,332628,258,3680
"대전",939550,606553,66086,540323,0,42,72,30,332997,327470,276,5251,949468,606144,67169,538808,0,43,91,33,343324,337956,315,5053,958465,606192,67941,538057,0,42,117,35,352273,347177,343,4753,965611,605068,68796,536046,-,41,152,33,360543,355660,367,4516,972830,607618,69666,537684,0,45,183,40,365212,360507,398,4307
"울산",763906,512999,60276,452626,0,65,21,11,250907,246743,191,3973,765854,510852,61297,449442,0,63,38,12,255002,250928,210,3864,766884,508799,62039,446620,0,69,60,11,258085,254254,247,3584,770128,508324,63048,445117,-,72,74,13,261804,258031,266,3507,773774,509991,63922,445892,0,75,90,12,263783,260080,278,3425
"세종",229812,145901,15718,130144,0,10,24,5,83911,82092,28,1791,244278,153311,16618,136632,0,12,41,8,90967,89216,33,1718,255165,158540,17200,141266,0,12,50,12,96625,94976,39,1610,259011,159627,17556,141991,-,12,57,11,99384,97860,44,1480,263536,161975,18049,143837,0,11,68,10,101561,100278,36,1247
"경기남부",6565646,3965488,421589,3542943,1,304,410,241,2600158,2570810,1699,27649,6760037,4036764,433903,3601690,1,311,578,281,2723273,2694825,1901,26547,6889758,4068776,441642,3625691,1,319,811,312,2820982,2794170,2072,24740,6987609,4088070,450400,3635954,1,328,1055,332,2899539,2874450,2228,22861,7089181,4127784,459550,3666181,2,341,1381,329,2961397,2937639,2516,21242
"경기북부",2242315,1367334,171537,1195407,1,70,252,67,874981,864319,636,10026,2313362,1396608,176691,1219469,1,72,310,65,916754,906598,689,9467,2356752,1410697,179996,1230174,1,72,369,85,946055,936573,744,8738,2388536,1419563,184247,1234722,1,79,418,96,968973,960105,784,8084,2425202,1438520,188626,1249230,2,93,472,97,986682,978480,861,7341
"강원",982588,668752,101345,567307,0,30,56,14,313836,302917,263,10656,1000579,675622,103515,571985,0,33,74,15,324957,314909,269,9779,1014928,681272,105575,575556,0,34,89,18,333656,324501,269,8886,1021443,682431,107092,575172,-,38,106,23,339012,330763,276,7973,1024768,684170,108252,575749,0,36,112,21,340598,333192,314,7092
"충북",1030168,689267,98367,590760,0,78,41,21,340901,325441,268,15192,1049588,696835,100886,595789,0,80,58,22,352753,338287,315,14151,1066715,703842,103083,600567,0,84,80,28,362873,349593,334,12946,1079922,707994,104997,602783,-,89,87,38,371928,359730,362,11836,1090984,714158,106874,607059,0,84,98,43,376826,365951,371,10504
"충남",1349739,883245,133854,749134,0,105,119,33,466494,438862,418,27214,1377039,895100,137347,757433,0,109,169,42,481939,456091,456,25392,1404674,907582,140932,766277,0,110,218,45,497092,473322,486,23284,1431984,919015,144347,774254,-,121,238,55,512969,491290,536,21143,1456307,931856,147787,783588,0,124,296,61,524451,505373,565,18513
"전북",1119264,753204,124761,628303,1,85,32,22,366060,345715,330,20015,1131340,757854,127228,630475,0,80,41,30,373486,354788,354,18344,1138771,759878,129166,630531,0,84,70,27,378893,362085,376,16432,1144579,760645,131155,629292,-,81,90,27,383934,368826,389,14719,1147153,762344,132740,629387,0,81,106,30,384809,371565,412,12832
"전남",1111929,749916,131888,617775,0,175,33,45,362013,335005,287,26721,1126082,756412,134513,621630,0,170,53,46,369670,344452,300,24918,1138060,761860,136978,624601,0,165,69,47,376200,353061,329,22810,1147138,765899,139067,626533,-,175,80,44,381239,360487,338,20414,1152681,769888,141129,628421,0,180,113,45,382793,364799,353,17641
"경북",1691921,1233704,165374,1067965,0,196,114,55,458217,424656,470,33091,1714805,1242371,169210,1072761,0,189,151,60,472434,441085,519,30830,1722813,1242957,171868,1070658,0,188,177,66,479856,451282,559,28015,1728603,1242119,174071,1067544,-,201,234,69,486484,460691,560,25233,1717097,1232355,174763,1057068,0,196,258,70,484742,462388,602,21752
"경남",2114108,1400863,179954,1220412,0,343,70,84,713245,682376,666,30203,2135625,1406476,183721,1222205,0,376,92,82,729149,700091,721,28337,2146497,1406165,186067,1219493,0,397,122,86,740332,713281,754,26297,2153471,1403069,188318,1214122,-,405,140,84,750402,725518,751,24133,2163766,1405626,190922,1214035,0,433,154,82,758140,735414,803,21923
"제주",458149,305057,44620,260405,0,10,13,9,153092,147372,90,5630,468072,309340,45508,263788,0,9,27,8,158732,153166,110,5456,475628,312837,46405,266378,0,10,34,10,162791,157567,138,5086,478409,313346,46914,266374,-,9,38,11,165063,160165,148,4750,479642,314207,47443,266701,0,9,41,13,165435,161217,163,4055
